frequency	elided_form	expanded_form	urns
97	δʼ		urn:cts:greekLit:tlg0019.tlg009.fu.sp:23.1.text.token.7,urn:cts:greekLit:tlg0019.tlg009.fu.sp:30.1.text.token.5,urn:cts:greekLit:tlg0019.tlg009.fu.sp:31.1.text.token.2,urn:cts:greekLit:tlg0019.tlg009.fu.sp:72.1.text.token.8,urn:cts:greekLit:tlg0019.tlg009.fu.sp:73.1.text.token.2,urn:cts:greekLit:tlg0019.tlg009.fu.sp:82.1.text.token.2,urn:cts:greekLit:tlg0019.tlg009.fu.sp:82.1.text.token.7,urn:cts:greekLit:tlg0019.tlg009.fu.sp:87.2.text.token.3,urn:cts:greekLit:tlg0019.tlg009.fu.sp:102.1.text.token.2,urn:cts:greekLit:tlg0019.tlg009.fu.sp:107.2.text.token.3,urn:cts:greekLit:tlg0019.tlg009.fu.sp:115.2.text.token.3,urn:cts:greekLit:tlg0019.tlg009.fu.sp:198.2.text.token.6,urn:cts:greekLit:tlg0019.tlg009.fu.sp:224.1.text.token.2,urn:cts:greekLit:tlg0019.tlg009.fu.sp:231.1.text.token.2,urn:cts:greekLit:tlg0019.tlg009.fu.sp:254.1.text.token.2,urn:cts:greekLit:tlg0019.tlg009.fu.sp:275.2.text.token.2,urn:cts:greekLit:tlg0019.tlg009.fu.sp:290.1.text.token.7,urn:cts:greekLit:tlg0019.tlg009.fu.sp:290.1.text.token.11,urn:cts:greekLit:tlg0019.tlg009.fu.sp:296.3.text.token.2,urn:cts:greekLit:tlg0019.tlg009.fu.sp:302.1.text.token.2,urn:cts:greekLit:tlg0019.tlg009.fu.sp:330.1.text.token.5,urn:cts:greekLit:tlg0019.tlg009.fu.sp:370.1.text.token.6,urn:cts:greekLit:tlg0019.tlg009.fu.sp:377.1.text.token.2,urn:cts:greekLit:tlg0019.tlg009.fu.sp:417.1.text.token.2,urn:cts:greekLit:tlg0019.tlg009.fu.sp:426.1.text.token.3,urn:cts:greekLit:tlg0019.tlg009.fu.sp:490.1.text.token.2,urn:cts:greekLit:tlg0019.tlg009.fu.sp:492.1.text.token.2,urn:cts:greekLit:tlg0019.tlg009.fu.sp:497.1.text.token.2,urn:cts:greekLit:tlg0019.tlg009.fu.sp:526.1.text.token.2,urn:cts:greekLit:tlg0019.tlg009.fu.sp:546.1.text.token.2,urn:cts:greekLit:tlg0019.tlg009.fu.sp:567.1.text.token.2,urn:cts:greekLit:tlg0019.tlg009.fu.sp:570.1.text.token.2,urn:cts:greekLit:tlg0019.tlg009.fu.sp:603.1.text.token.2,urn:cts:greekLit:tlg0019.tlg009.fu.sp:620.1.text.token.4,urn:cts:greekLit:tlg0019.tlg009.fu.sp:648.1.text.token.5,urn:cts:greekLit:tlg0019.tlg009.fu.sp:672.1.text.token.5,urn:cts:greekLit:tlg0019.tlg009.fu.sp:683.1.text.token.2,urn:cts:greekLit:tlg0019.tlg009.fu.sp:706.1.text.token.2,urn:cts:greekLit:tlg0019.tlg009.fu.sp:774.1.text.token.8,urn:cts:greekLit:tlg0019.tlg009.fu.sp:782.1.text.token.3,urn:cts:greekLit:tlg0019.tlg009.fu.sp:791.1.text.token.2,urn:cts:greekLit:tlg0019.tlg009.fu.sp:818.1.text.token.2,urn:cts:greekLit:tlg0019.tlg009.fu.sp:822.1.text.token.2,urn:cts:greekLit:tlg0019.tlg009.fu.sp:850.1.text.token.2,urn:cts:greekLit:tlg0019.tlg009.fu.sp:852.1.text.token.4,urn:cts:greekLit:tlg0019.tlg009.fu.sp:857.1.text.token.5,urn:cts:greekLit:tlg0019.tlg009.fu.sp:859.1.text.token.2,urn:cts:greekLit:tlg0019.tlg009.fu.sp:870.1.text.token.2,urn:cts:greekLit:tlg0019.tlg009.fu.sp:899.1.text.token.2,urn:cts:greekLit:tlg0019.tlg009.fu.sp:903.1.text.token.2,urn:cts:greekLit:tlg0019.tlg009.fu.sp:905.1.text.token.8,urn:cts:greekLit:tlg0019.tlg009.fu.sp:915.1.text.token.7,urn:cts:greekLit:tlg0019.tlg009.fu.sp:916.1.text.token.2,urn:cts:greekLit:tlg0019.tlg009.fu.sp:920.1.text.token.9,urn:cts:greekLit:tlg0019.tlg009.fu.sp:927.1.text.token.2,urn:cts:greekLit:tlg0019.tlg009.fu.sp:936.1.text.token.2,urn:cts:greekLit:tlg0019.tlg009.fu.sp:989.1.text.token.2,urn:cts:greekLit:tlg0019.tlg009.fu.sp:1007.1.text.token.11,urn:cts:greekLit:tlg0019.tlg009.fu.sp:1029.1.text.token.3,urn:cts:greekLit:tlg0019.tlg009.fu.sp:1033.1.text.token.2,urn:cts:greekLit:tlg0019.tlg009.fu.sp:1052.1.text.token.2,urn:cts:greekLit:tlg0019.tlg009.fu.sp:1055.1.text.token.7,urn:cts:greekLit:tlg0019.tlg009.fu.sp:1076.1.text.token.2,urn:cts:greekLit:tlg0019.tlg009.fu.sp:1087.1.text.token.2,urn:cts:greekLit:tlg0019.tlg009.fu.sp:1102.1.text.token.2,urn:cts:greekLit:tlg0019.tlg009.fu.sp:1131.1.text.token.2,urn:cts:greekLit:tlg0019.tlg009.fu.sp:1151.1.text.token.6,urn:cts:greekLit:tlg0019.tlg009.fu.sp:1165.1.text.token.2,urn:cts:greekLit:tlg0019.tlg009.fu.sp:1169.1.text.token.9,urn:cts:greekLit:tlg0019.tlg009.fu.sp:1171.1.text.token.5,urn:cts:greekLit:tlg0019.tlg009.fu.sp:1172.1.text.token.2,urn:cts:greekLit:tlg0019.tlg009.fu.sp:1204.1.text.token.6,urn:cts:greekLit:tlg0019.tlg009.fu.sp:1301.1.text.token.2,urn:cts:greekLit:tlg0019.tlg009.fu.sp:1329.1.text.token.8,urn:cts:greekLit:tlg0019.tlg009.fu.sp:1339.1.text.token.9,urn:cts:greekLit:tlg0019.tlg009.fu.sp:1346.1.text.token.2,urn:cts:greekLit:tlg0019.tlg009.fu.sp:1351b.1.text.token.2,urn:cts:greekLit:tlg0019.tlg009.fu.sp:1353.1.text.token.2,urn:cts:greekLit:tlg0019.tlg009.fu.sp:1361.1.text.token.2,urn:cts:greekLit:tlg0019.tlg009.fu.sp:1388.1.text.token.2,urn:cts:greekLit:tlg0019.tlg009.fu.sp:1413.1.text.token.7,urn:cts:greekLit:tlg0019.tlg009.fu.sp:1425.1.text.token.8,urn:cts:greekLit:tlg0019.tlg009.fu.sp:1429.1.text.token.6,urn:cts:greekLit:tlg0019.tlg009.fu.sp:1432.1.text.token.2,urn:cts:greekLit:tlg0019.tlg009.fu.sp:1434.1.text.token.8,urn:cts:greekLit:tlg0019.tlg009.fu.sp:1439.1.text.token.6,urn:cts:greekLit:tlg0019.tlg009.fu.sp:1444.1.text.token.2,urn:cts:greekLit:tlg0019.tlg009.fu.sp:1447.1.text.token.5,urn:cts:greekLit:tlg0019.tlg009.fu.sp:1453.1.text.token.5,urn:cts:greekLit:tlg0019.tlg009.fu.sp:1456.2.text.token.3,urn:cts:greekLit:tlg0019.tlg009.fu.sp:1461.1.text.token.6,urn:cts:greekLit:tlg0019.tlg009.fu.sp:1471.1.text.token.8,urn:cts:greekLit:tlg0019.tlg009.fu.sp:1475.1.text.token.2,urn:cts:greekLit:tlg0019.tlg009.fu.sp:1496.1.text.token.2,urn:cts:greekLit:tlg0019.tlg009.fu.sp:1503.1.text.token.5,urn:cts:greekLit:tlg0019.tlg009.fu.sp:1507.1.text.token.2,urn:cts:greekLit:tlg0019.tlg009.fu.sp:1520.1.text.token.2
79	ἀλλʼ		urn:cts:greekLit:tlg0019.tlg009.fu.sp:43.1.text.token.6,urn:cts:greekLit:tlg0019.tlg009.fu.sp:45.1.text.token.1,urn:cts:greekLit:tlg0019.tlg009.fu.sp:57.1.text.token.1,urn:cts:greekLit:tlg0019.tlg009.fu.sp:58.1.text.token.8,urn:cts:greekLit:tlg0019.tlg009.fu.sp:108.1.text.token.1,urn:cts:greekLit:tlg0019.tlg009.fu.sp:123.1.text.token.1,urn:cts:greekLit:tlg0019.tlg009.fu.sp:134.1.text.token.1,urn:cts:greekLit:tlg0019.tlg009.fu.sp:136.2.text.token.1,urn:cts:greekLit:tlg0019.tlg009.fu.sp:174.1.text.token.3,urn:cts:greekLit:tlg0019.tlg009.fu.sp:192.1.text.token.6,urn:cts:greekLit:tlg0019.tlg009.fu.sp:202.1.text.token.5,urn:cts:greekLit:tlg0019.tlg009.fu.sp:226.1.text.token.1,urn:cts:greekLit:tlg0019.tlg009.fu.sp:227.1.text.token.4,urn:cts:greekLit:tlg0019.tlg009.fu.sp:240.1.text.token.1,urn:cts:greekLit:tlg0019.tlg009.fu.sp:287.1.text.token.1,urn:cts:greekLit:tlg0019.tlg009.fu.sp:292.1.text.token.1,urn:cts:greekLit:tlg0019.tlg009.fu.sp:292.1.text.token.7,urn:cts:greekLit:tlg0019.tlg009.fu.sp:315.1.text.token.1,urn:cts:greekLit:tlg0019.tlg009.fu.sp:360.1.text.token.1,urn:cts:greekLit:tlg0019.tlg009.fu.sp:378.1.text.token.1,urn:cts:greekLit:tlg0019.tlg009.fu.sp:440.1.text.token.1,urn:cts:greekLit:tlg0019.tlg009.fu.sp:443.1.text.token.1,urn:cts:greekLit:tlg0019.tlg009.fu.sp:481.2.text.token.1,urn:cts:greekLit:tlg0019.tlg009.fu.sp:482.1.text.token.1,urn:cts:greekLit:tlg0019.tlg009.fu.sp:501.1.text.token.3,urn:cts:greekLit:tlg0019.tlg009.fu.sp:507.1.text.token.5,urn:cts:greekLit:tlg0019.tlg009.fu.sp:512.1.text.token.1,urn:cts:greekLit:tlg0019.tlg009.fu.sp:517.1.text.token.1,urn:cts:greekLit:tlg0019.tlg009.fu.sp:525.1.text.token.1,urn:cts:greekLit:tlg0019.tlg009.fu.sp:527.2.text.token.4,urn:cts:greekLit:tlg0019.tlg009.fu.sp:568.2.text.token.1,urn:cts:greekLit:tlg0019.tlg009.fu.sp:577.1.text.token.1,urn:cts:greekLit:tlg0019.tlg009.fu.sp:586.1.text.token.1,urn:cts:greekLit:tlg0019.tlg009.fu.sp:601.1.text.token.1,urn:cts:greekLit:tlg0019.tlg009.fu.sp:646.1.text.token.1,urn:cts:greekLit:tlg0019.tlg009.fu.sp:650.2.text.token.4,urn:cts:greekLit:tlg0019.tlg009.fu.sp:663.1.text.token.4,urn:cts:greekLit:tlg0019.tlg009.fu.sp:669.1.text.token.6,urn:cts:greekLit:tlg0019.tlg009.fu.sp:696.1.text.token.1,urn:cts:greekLit:tlg0019.tlg009.fu.sp:753.1.text.token.3,urn:cts:greekLit:tlg0019.tlg009.fu.sp:779.1.text.token.3,urn:cts:greekLit:tlg0019.tlg009.fu.sp:788.1.text.token.6,urn:cts:greekLit:tlg0019.tlg009.fu.sp:812.1.text.token.1,urn:cts:greekLit:tlg0019.tlg009.fu.sp:843.1.text.token.1,urn:cts:greekLit:tlg0019.tlg009.fu.sp:905.1.text.token.1,urn:cts:greekLit:tlg0019.tlg009.fu.sp:928.1.text.token.1,urn:cts:greekLit:tlg0019.tlg009.fu.sp:939.1.text.token.1,urn:cts:greekLit:tlg0019.tlg009.fu.sp:946.1.text.token.1,urn:cts:greekLit:tlg0019.tlg009.fu.sp:949.1.text.token.1,urn:cts:greekLit:tlg0019.tlg009.fu.sp:961.1.text.token.7,urn:cts:greekLit:tlg0019.tlg009.fu.sp:997.1.text.token.1,urn:cts:greekLit:tlg0019.tlg009.fu.sp:1004.1.text.token.1,urn:cts:greekLit:tlg0019.tlg009.fu.sp:1011.1.text.token.1,urn:cts:greekLit:tlg0019.tlg009.fu.sp:1025.1.text.token.1,urn:cts:greekLit:tlg0019.tlg009.fu.sp:1025.1.text.token.7,urn:cts:greekLit:tlg0019.tlg009.fu.sp:1039.1.text.token.1,urn:cts:greekLit:tlg0019.tlg009.fu.sp:1043.1.text.token.1,urn:cts:greekLit:tlg0019.tlg009.fu.sp:1046.1.text.token.1,urn:cts:greekLit:tlg0019.tlg009.fu.sp:1053.1.text.token.3,urn:cts:greekLit:tlg0019.tlg009.fu.sp:1053.1.text.token.6,urn:cts:greekLit:tlg0019.tlg009.fu.sp:1058.2.text.token.1,urn:cts:greekLit:tlg0019.tlg009.fu.sp:1073.1.text.token.3,urn:cts:greekLit:tlg0019.tlg009.fu.sp:1130.1.text.token.1,urn:cts:greekLit:tlg0019.tlg009.fu.sp:1130.1.text.token.7,urn:cts:greekLit:tlg0019.tlg009.fu.sp:1136.2.text.token.1,urn:cts:greekLit:tlg0019.tlg009.fu.sp:1161.1.text.token.5,urn:cts:greekLit:tlg0019.tlg009.fu.sp:1180.1.text.token.8,urn:cts:greekLit:tlg0019.tlg009.fu.sp:1215.1.text.token.1,urn:cts:greekLit:tlg0019.tlg009.fu.sp:1235.1.text.token.1,urn:cts:greekLit:tlg0019.tlg009.fu.sp:1248.1.text.token.1,urn:cts:greekLit:tlg0019.tlg009.fu.sp:1298.1.text.token.1,urn:cts:greekLit:tlg0019.tlg009.fu.sp:1356.1.text.token.1,urn:cts:greekLit:tlg0019.tlg009.fu.sp:1376.1.text.token.3,urn:cts:greekLit:tlg0019.tlg009.fu.sp:1389.1.text.token.1,urn:cts:greekLit:tlg0019.tlg009.fu.sp:1397.1.text.token.1,urn:cts:greekLit:tlg0019.tlg009.fu.sp:1407.1.text.token.7,urn:cts:greekLit:tlg0019.tlg009.fu.sp:1426.1.text.token.1,urn:cts:greekLit:tlg0019.tlg009.fu.sp:1435.1.text.token.1,urn:cts:greekLit:tlg0019.tlg009.fu.sp:1462.1.text.token.6
67	γʼ		urn:cts:greekLit:tlg0019.tlg009.fu.sp:5.2.text.token.2,urn:cts:greekLit:tlg0019.tlg009.fu.sp:11.1.text.token.7,urn:cts:greekLit:tlg0019.tlg009.fu.sp:25.2.text.token.5,urn:cts:greekLit:tlg0019.tlg009.fu.sp:28.1.text.token.4,urn:cts:greekLit:tlg0019.tlg009.fu.sp:29.1.text.token.6,urn:cts:greekLit:tlg0019.tlg009.fu.sp:43.1.text.token.3,urn:cts:greekLit:tlg0019.tlg009.fu.sp:63.1.text.token.6,urn:cts:greekLit:tlg0019.tlg009.fu.sp:70.1.text.token.6,urn:cts:greekLit:tlg0019.tlg009.fu.sp:78.1.text.token.3,urn:cts:greekLit:tlg0019.tlg009.fu.sp:80.1.text.token.4,urn:cts:greekLit:tlg0019.tlg009.fu.sp:104.1.text.token.4,urn:cts:greekLit:tlg0019.tlg009.fu.sp:182.1.text.token.8,urn:cts:greekLit:tlg0019.tlg009.fu.sp:183.1.text.token.5,urn:cts:greekLit:tlg0019.tlg009.fu.sp:189.2.text.token.5,urn:cts:greekLit:tlg0019.tlg009.fu.sp:198.2.text.token.8,urn:cts:greekLit:tlg0019.tlg009.fu.sp:222.1.text.token.3,urn:cts:greekLit:tlg0019.tlg009.fu.sp:228.1.text.token.2,urn:cts:greekLit:tlg0019.tlg009.fu.sp:236.1.text.token.4,urn:cts:greekLit:tlg0019.tlg009.fu.sp:258.1.text.token.4,urn:cts:greekLit:tlg0019.tlg009.fu.sp:264.1.text.token.4,urn:cts:greekLit:tlg0019.tlg009.fu.sp:276.1.text.token.8,urn:cts:greekLit:tlg0019.tlg009.fu.sp:283.1.text.token.3,urn:cts:greekLit:tlg0019.tlg009.fu.sp:300.2.text.token.2,urn:cts:greekLit:tlg0019.tlg009.fu.sp:488.1.text.token.4,urn:cts:greekLit:tlg0019.tlg009.fu.sp:491.1.text.token.2,urn:cts:greekLit:tlg0019.tlg009.fu.sp:564.1.text.token.4,urn:cts:greekLit:tlg0019.tlg009.fu.sp:574.1.text.token.3,urn:cts:greekLit:tlg0019.tlg009.fu.sp:637.1.text.token.6,urn:cts:greekLit:tlg0019.tlg009.fu.sp:655.1.text.token.3,urn:cts:greekLit:tlg0019.tlg009.fu.sp:718.1.text.token.2,urn:cts:greekLit:tlg0019.tlg009.fu.sp:781.2.text.token.4,urn:cts:greekLit:tlg0019.tlg009.fu.sp:794.1.text.token.4,urn:cts:greekLit:tlg0019.tlg009.fu.sp:812.1.text.token.6,urn:cts:greekLit:tlg0019.tlg009.fu.sp:845.1.text.token.4,urn:cts:greekLit:tlg0019.tlg009.fu.sp:914.2.text.token.4,urn:cts:greekLit:tlg0019.tlg009.fu.sp:934.1.text.token.5,urn:cts:greekLit:tlg0019.tlg009.fu.sp:955.1.text.token.4,urn:cts:greekLit:tlg0019.tlg009.fu.sp:960.1.text.token.3,urn:cts:greekLit:tlg0019.tlg009.fu.sp:968.1.text.token.4,urn:cts:greekLit:tlg0019.tlg009.fu.sp:1024.1.text.token.8,urn:cts:greekLit:tlg0019.tlg009.fu.sp:1045.2.text.token.2,urn:cts:greekLit:tlg0019.tlg009.fu.sp:1067.1.text.token.5,urn:cts:greekLit:tlg0019.tlg009.fu.sp:1072.1.text.token.7,urn:cts:greekLit:tlg0019.tlg009.fu.sp:1074.1.text.token.7,urn:cts:greekLit:tlg0019.tlg009.fu.sp:1118.1.text.token.4,urn:cts:greekLit:tlg0019.tlg009.fu.sp:1130.1.text.token.5,urn:cts:greekLit:tlg0019.tlg009.fu.sp:1131.1.text.token.5,urn:cts:greekLit:tlg0019.tlg009.fu.sp:1134.2.text.token.3,urn:cts:greekLit:tlg0019.tlg009.fu.sp:1135.1.text.token.5,urn:cts:greekLit:tlg0019.tlg009.fu.sp:1149.1.text.token.2,urn:cts:greekLit:tlg0019.tlg009.fu.sp:1158.1.text.token.5,urn:cts:greekLit:tlg0019.tlg009.fu.sp:1160.1.text.token.4,urn:cts:greekLit:tlg0019.tlg009.fu.sp:1223.1.text.token.5,urn:cts:greekLit:tlg0019.tlg009.fu.sp:1229.2.text.token.3,urn:cts:greekLit:tlg0019.tlg009.fu.sp:1237.1.text.token.5,urn:cts:greekLit:tlg0019.tlg009.fu.sp:1249.1.text.token.4,urn:cts:greekLit:tlg0019.tlg009.fu.sp:1281.1.text.token.3,urn:cts:greekLit:tlg0019.tlg009.fu.sp:1370.1.text.token.2,urn:cts:greekLit:tlg0019.tlg009.fu.sp:1393.1.text.token.7,urn:cts:greekLit:tlg0019.tlg009.fu.sp:1395.1.text.token.4,urn:cts:greekLit:tlg0019.tlg009.fu.sp:1430.1.text.token.2,urn:cts:greekLit:tlg0019.tlg009.fu.sp:1433.1.text.token.7,urn:cts:greekLit:tlg0019.tlg009.fu.sp:1451.1.text.token.2,urn:cts:greekLit:tlg0019.tlg009.fu.sp:1457.1.text.token.4,urn:cts:greekLit:tlg0019.tlg009.fu.sp:1462.1.text.token.4,urn:cts:greekLit:tlg0019.tlg009.fu.sp:1466.1.text.token.4,urn:cts:greekLit:tlg0019.tlg009.fu.sp:1482.1.text.token.2
34	Δίʼ		urn:cts:greekLit:tlg0019.tlg009.fu.sp:3.1.text.token.3,urn:cts:greekLit:tlg0019.tlg009.fu.sp:28.1.text.token.11,urn:cts:greekLit:tlg0019.tlg009.fu.sp:70.1.text.token.3,urn:cts:greekLit:tlg0019.tlg009.fu.sp:128.1.text.token.3,urn:cts:greekLit:tlg0019.tlg009.fu.sp:159.1.text.token.3,urn:cts:greekLit:tlg0019.tlg009.fu.sp:174.1.text.token.2,urn:cts:greekLit:tlg0019.tlg009.fu.sp:192.1.text.token.3,urn:cts:greekLit:tlg0019.tlg009.fu.sp:306.2.text.token.2,urn:cts:greekLit:tlg0019.tlg009.fu.sp:493.2.text.token.3,urn:cts:greekLit:tlg0019.tlg009.fu.sp:501.1.text.token.2,urn:cts:greekLit:tlg0019.tlg009.fu.sp:559.1.text.token.2,urn:cts:greekLit:tlg0019.tlg009.fu.sp:645.2.text.token.3,urn:cts:greekLit:tlg0019.tlg009.fu.sp:650.2.text.token.3,urn:cts:greekLit:tlg0019.tlg009.fu.sp:663.1.text.token.3,urn:cts:greekLit:tlg0019.tlg009.fu.sp:749.2.text.token.3,urn:cts:greekLit:tlg0019.tlg009.fu.sp:753.1.text.token.2,urn:cts:greekLit:tlg0019.tlg009.fu.sp:779.1.text.token.2,urn:cts:greekLit:tlg0019.tlg009.fu.sp:781.2.text.token.2,urn:cts:greekLit:tlg0019.tlg009.fu.sp:788.1.text.token.2,urn:cts:greekLit:tlg0019.tlg009.fu.sp:795.2.text.token.2,urn:cts:greekLit:tlg0019.tlg009.fu.sp:914.1.text.token.3,urn:cts:greekLit:tlg0019.tlg009.fu.sp:937.1.text.token.4,urn:cts:greekLit:tlg0019.tlg009.fu.sp:947.2.text.token.6,urn:cts:greekLit:tlg0019.tlg009.fu.sp:1043.1.text.token.4,urn:cts:greekLit:tlg0019.tlg009.fu.sp:1045.1.text.token.2,urn:cts:greekLit:tlg0019.tlg009.fu.sp:1053.1.text.token.2,urn:cts:greekLit:tlg0019.tlg009.fu.sp:1089.1.text.token.2,urn:cts:greekLit:tlg0019.tlg009.fu.sp:1158.1.text.token.3,urn:cts:greekLit:tlg0019.tlg009.fu.sp:1183.1.text.token.3,urn:cts:greekLit:tlg0019.tlg009.fu.sp:1188.1.text.token.3,urn:cts:greekLit:tlg0019.tlg009.fu.sp:1198.1.text.token.5,urn:cts:greekLit:tlg0019.tlg009.fu.sp:1237.1.text.token.3,urn:cts:greekLit:tlg0019.tlg009.fu.sp:1460.1.text.token.3,urn:cts:greekLit:tlg0019.tlg009.fu.sp:1481.1.text.token.3
22	μʼ		urn:cts:greekLit:tlg0019.tlg009.fu.sp:41.1.text.token.3,urn:cts:greekLit:tlg0019.tlg009.fu.sp:58.1.text.token.3,urn:cts:greekLit:tlg0019.tlg009.fu.sp:68.1.text.token.3,urn:cts:greekLit:tlg0019.tlg009.fu.sp:83.2.text.token.2,urn:cts:greekLit:tlg0019.tlg009.fu.sp:144.2.text.token.2,urn:cts:greekLit:tlg0019.tlg009.fu.sp:145.1.text.token.3,urn:cts:greekLit:tlg0019.tlg009.fu.sp:169.2.text.token.2,urn:cts:greekLit:tlg0019.tlg009.fu.sp:297.1.text.token.3,urn:cts:greekLit:tlg0019.tlg009.fu.sp:298.2.text.token.4,urn:cts:greekLit:tlg0019.tlg009.fu.sp:389.1.text.token.2,urn:cts:greekLit:tlg0019.tlg009.fu.sp:391.1.text.token.5,urn:cts:greekLit:tlg0019.tlg009.fu.sp:526.1.text.token.8,urn:cts:greekLit:tlg0019.tlg009.fu.sp:600b.1.text.token.1,urn:cts:greekLit:tlg0019.tlg009.fu.sp:617.1.text.token.3,urn:cts:greekLit:tlg0019.tlg009.fu.sp:617.1.text.token.8,urn:cts:greekLit:tlg0019.tlg009.fu.sp:644.2.text.token.4,urn:cts:greekLit:tlg0019.tlg009.fu.sp:894.1.text.token.2,urn:cts:greekLit:tlg0019.tlg009.fu.sp:1007.1.text.token.5,urn:cts:greekLit:tlg0019.tlg009.fu.sp:1018.1.text.token.10,urn:cts:greekLit:tlg0019.tlg009.fu.sp:1137.1.text.token.3,urn:cts:greekLit:tlg0019.tlg009.fu.sp:1470.1.text.token.4,urn:cts:greekLit:tlg0019.tlg009.fu.sp:1474.1.text.token.4
18	σʼ		urn:cts:greekLit:tlg0019.tlg009.fu.sp:31.1.text.token.9,urn:cts:greekLit:tlg0019.tlg009.fu.sp:77.1.text.token.7,urn:cts:greekLit:tlg0019.tlg009.fu.sp:139.1.text.token.4,urn:cts:greekLit:tlg0019.tlg009.fu.sp:167.1.text.token.5,urn:cts:greekLit:tlg0019.tlg009.fu.sp:186.1.text.token.8,urn:cts:greekLit:tlg0019.tlg009.fu.sp:187.1.text.token.2,urn:cts:greekLit:tlg0019.tlg009.fu.sp:187.1.text.token.6,urn:cts:greekLit:tlg0019.tlg009.fu.sp:481.1.text.token.3,urn:cts:greekLit:tlg0019.tlg009.fu.sp:504.1.text.token.4,urn:cts:greekLit:tlg0019.tlg009.fu.sp:508.2.text.token.6,urn:cts:greekLit:tlg0019.tlg009.fu.sp:513.1.text.token.3,urn:cts:greekLit:tlg0019.tlg009.fu.sp:530.1.text.token.4,urn:cts:greekLit:tlg0019.tlg009.fu.sp:557.1.text.token.7,urn:cts:greekLit:tlg0019.tlg009.fu.sp:595b.1.text.token.3,urn:cts:greekLit:tlg0019.tlg009.fu.sp:645.1.text.token.3,urn:cts:greekLit:tlg0019.tlg009.fu.sp:741.1.text.token.5,urn:cts:greekLit:tlg0019.tlg009.fu.sp:994b.1.text.token.2,urn:cts:greekLit:tlg0019.tlg009.fu.sp:1245.1.text.token.2
18	ταῦτʼ		urn:cts:greekLit:tlg0019.tlg009.fu.sp:21.1.text.token.4,urn:cts:greekLit:tlg0019.tlg009.fu.sp:92.1.text.token.2,urn:cts:greekLit:tlg0019.tlg009.fu.sp:103.1.text.token.3,urn:cts:greekLit:tlg0019.tlg009.fu.sp:117.1.text.token.4,urn:cts:greekLit:tlg0019.tlg009.fu.sp:143.1.text.token.2,urn:cts:greekLit:tlg0019.tlg009.fu.sp:528.2.text.token.1,urn:cts:greekLit:tlg0019.tlg009.fu.sp:598.1.text.token.4,urn:cts:greekLit:tlg0019.tlg009.fu.sp:600.1.text.token.1,urn:cts:greekLit:tlg0019.tlg009.fu.sp:632.2.text.token.1,urn:cts:greekLit:tlg0019.tlg009.fu.sp:695.1.text.token.2,urn:cts:greekLit:tlg0019.tlg009.fu.sp:703.1.text.token.3,urn:cts:greekLit:tlg0019.tlg009.fu.sp:704.1.text.token.4,urn:cts:greekLit:tlg0019.tlg009.fu.sp:841.1.text.token.4,urn:cts:greekLit:tlg0019.tlg009.fu.sp:918.2.text.token.6,urn:cts:greekLit:tlg0019.tlg009.fu.sp:951.1.text.token.4,urn:cts:greekLit:tlg0019.tlg009.fu.sp:1112.1.text.token.8,urn:cts:greekLit:tlg0019.tlg009.fu.sp:1143.1.text.token.4,urn:cts:greekLit:tlg0019.tlg009.fu.sp:1307.1.text.token.4
18	τʼ		urn:cts:greekLit:tlg0019.tlg009.fu.sp:45.1.text.token.4,urn:cts:greekLit:tlg0019.tlg009.fu.sp:284.1.text.token.2,urn:cts:greekLit:tlg0019.tlg009.fu.sp:347.1.text.token.2,urn:cts:greekLit:tlg0019.tlg009.fu.sp:474.1.text.token.4,urn:cts:greekLit:tlg0019.tlg009.fu.sp:819.1.text.token.5,urn:cts:greekLit:tlg0019.tlg009.fu.sp:976.1.text.token.2,urn:cts:greekLit:tlg0019.tlg009.fu.sp:1032.1.text.token.9,urn:cts:greekLit:tlg0019.tlg009.fu.sp:1114.1.text.token.2,urn:cts:greekLit:tlg0019.tlg009.fu.sp:1115.1.text.token.3,urn:cts:greekLit:tlg0019.tlg009.fu.sp:1127.1.text.token.5,urn:cts:greekLit:tlg0019.tlg009.fu.sp:1152.1.text.token.5,urn:cts:greekLit:tlg0019.tlg009.fu.sp:1293.1.text.token.3,urn:cts:greekLit:tlg0019.tlg009.fu.sp:1339.1.text.token.2,urn:cts:greekLit:tlg0019.tlg009.fu.sp:1354.1.text.token.3,urn:cts:greekLit:tlg0019.tlg009.fu.sp:1358.1.text.token.3,urn:cts:greekLit:tlg0019.tlg009.fu.sp:1383.1.text.token.5,urn:cts:greekLit:tlg0019.tlg009.fu.sp:1402.1.text.token.3,urn:cts:greekLit:tlg0019.tlg009.fu.sp:1532.1.text.token.2
16	τοῦτʼ		urn:cts:greekLit:tlg0019.tlg009.fu.sp:74.1.text.token.8,urn:cts:greekLit:tlg0019.tlg009.fu.sp:168.1.text.token.6,urn:cts:greekLit:tlg0019.tlg009.fu.sp:318.1.text.token.1,urn:cts:greekLit:tlg0019.tlg009.fu.sp:805.2.text.token.1,urn:cts:greekLit:tlg0019.tlg009.fu.sp:916.1.text.token.9,urn:cts:greekLit:tlg0019.tlg009.fu.sp:978.1.text.token.4,urn:cts:greekLit:tlg0019.tlg009.fu.sp:979.1.text.token.6,urn:cts:greekLit:tlg0019.tlg009.fu.sp:1010.2.text.token.1,urn:cts:greekLit:tlg0019.tlg009.fu.sp:1025.1.text.token.10,urn:cts:greekLit:tlg0019.tlg009.fu.sp:1026.1.text.token.5,urn:cts:greekLit:tlg0019.tlg009.fu.sp:1057.1.text.token.6,urn:cts:greekLit:tlg0019.tlg009.fu.sp:1064.2.text.token.1,urn:cts:greekLit:tlg0019.tlg009.fu.sp:1139.1.text.token.3,urn:cts:greekLit:tlg0019.tlg009.fu.sp:1246.1.text.token.4,urn:cts:greekLit:tlg0019.tlg009.fu.sp:1296.1.text.token.6,urn:cts:greekLit:tlg0019.tlg009.fu.sp:1341.1.text.token.1
15	ἐπʼ		urn:cts:greekLit:tlg0019.tlg009.fu.sp:9.1.text.token.5,urn:cts:greekLit:tlg0019.tlg009.fu.sp:69.1.text.token.2,urn:cts:greekLit:tlg0019.tlg009.fu.sp:291.2.text.token.5,urn:cts:greekLit:tlg0019.tlg009.fu.sp:352.1.text.token.3,urn:cts:greekLit:tlg0019.tlg009.fu.sp:440.1.text.token.3,urn:cts:greekLit:tlg0019.tlg009.fu.sp:1119.1.text.token.3,urn:cts:greekLit:tlg0019.tlg009.fu.sp:1172.1.text.token.3,urn:cts:greekLit:tlg0019.tlg009.fu.sp:1265.1.text.token.5,urn:cts:greekLit:tlg0019.tlg009.fu.sp:1267.1.text.token.5,urn:cts:greekLit:tlg0019.tlg009.fu.sp:1271.1.text.token.5,urn:cts:greekLit:tlg0019.tlg009.fu.sp:1275.1.text.token.5,urn:cts:greekLit:tlg0019.tlg009.fu.sp:1277.1.text.token.5,urn:cts:greekLit:tlg0019.tlg009.fu.sp:1293.1.text.token.4,urn:cts:greekLit:tlg0019.tlg009.fu.sp:1487.1.text.token.1,urn:cts:greekLit:tlg0019.tlg009.fu.sp:1488.1.text.token.1
13	δῆτʼ		urn:cts:greekLit:tlg0019.tlg009.fu.sp:12.1.text.token.2,urn:cts:greekLit:tlg0019.tlg009.fu.sp:52.1.text.token.2,urn:cts:greekLit:tlg0019.tlg009.fu.sp:56.2.text.token.2,urn:cts:greekLit:tlg0019.tlg009.fu.sp:194.1.text.token.2,urn:cts:greekLit:tlg0019.tlg009.fu.sp:200.1.text.token.3,urn:cts:greekLit:tlg0019.tlg009.fu.sp:296.2.text.token.2,urn:cts:greekLit:tlg0019.tlg009.fu.sp:625.1.text.token.2,urn:cts:greekLit:tlg0019.tlg009.fu.sp:635.1.text.token.2,urn:cts:greekLit:tlg0019.tlg009.fu.sp:1144.1.text.token.2,urn:cts:greekLit:tlg0019.tlg009.fu.sp:1183.1.text.token.5,urn:cts:greekLit:tlg0019.tlg009.fu.sp:1188.1.text.token.5,urn:cts:greekLit:tlg0019.tlg009.fu.sp:1230.1.text.token.2,urn:cts:greekLit:tlg0019.tlg009.fu.sp:1457.1.text.token.2
13	εἶτʼ		urn:cts:greekLit:tlg0019.tlg009.fu.sp:21.1.text.token.1,urn:cts:greekLit:tlg0019.tlg009.fu.sp:76.1.text.token.1,urn:cts:greekLit:tlg0019.tlg009.fu.sp:205.1.text.token.2,urn:cts:greekLit:tlg0019.tlg009.fu.sp:367.1.text.token.8,urn:cts:greekLit:tlg0019.tlg009.fu.sp:544.1.text.token.2,urn:cts:greekLit:tlg0019.tlg009.fu.sp:610.1.text.token.1,urn:cts:greekLit:tlg0019.tlg009.fu.sp:692.1.text.token.1,urn:cts:greekLit:tlg0019.tlg009.fu.sp:935.1.text.token.1,urn:cts:greekLit:tlg0019.tlg009.fu.sp:944.1.text.token.1,urn:cts:greekLit:tlg0019.tlg009.fu.sp:945.1.text.token.1,urn:cts:greekLit:tlg0019.tlg009.fu.sp:1069.1.text.token.1,urn:cts:greekLit:tlg0019.tlg009.fu.sp:1187.1.text.token.2,urn:cts:greekLit:tlg0019.tlg009.fu.sp:1195.1.text.token.1
11	οὐδʼ		urn:cts:greekLit:tlg0019.tlg009.fu.sp:75.1.text.token.5,urn:cts:greekLit:tlg0019.tlg009.fu.sp:493.2.text.token.4,urn:cts:greekLit:tlg0019.tlg009.fu.sp:645.3.text.token.1,urn:cts:greekLit:tlg0019.tlg009.fu.sp:708.1.text.token.3,urn:cts:greekLit:tlg0019.tlg009.fu.sp:899b.1.text.token.1,urn:cts:greekLit:tlg0019.tlg009.fu.sp:945.1.text.token.7,urn:cts:greekLit:tlg0019.tlg009.fu.sp:962.1.text.token.6,urn:cts:greekLit:tlg0019.tlg009.fu.sp:1044.1.text.token.1,urn:cts:greekLit:tlg0019.tlg009.fu.sp:1222.1.text.token.1,urn:cts:greekLit:tlg0019.tlg009.fu.sp:1374.1.text.token.5,urn:cts:greekLit:tlg0019.tlg009.fu.sp:1406.1.text.token.5
10	ἵνʼ		urn:cts:greekLit:tlg0019.tlg009.fu.sp:297.1.text.token.5,urn:cts:greekLit:tlg0019.tlg009.fu.sp:571.1.text.token.1,urn:cts:greekLit:tlg0019.tlg009.fu.sp:778.1.text.token.1,urn:cts:greekLit:tlg0019.tlg009.fu.sp:919.1.text.token.4,urn:cts:greekLit:tlg0019.tlg009.fu.sp:1041.1.text.token.6,urn:cts:greekLit:tlg0019.tlg009.fu.sp:1063.1.text.token.8,urn:cts:greekLit:tlg0019.tlg009.fu.sp:1231.1.text.token.1,urn:cts:greekLit:tlg0019.tlg009.fu.sp:1317.1.text.token.1,urn:cts:greekLit:tlg0019.tlg009.fu.sp:1416.1.text.token.5,urn:cts:greekLit:tlg0019.tlg009.fu.sp:1419.1.text.token.1
10	ποτʼ		urn:cts:greekLit:tlg0019.tlg009.fu.sp:62.1.text.token.2,urn:cts:greekLit:tlg0019.tlg009.fu.sp:242.1.text.token.5,urn:cts:greekLit:tlg0019.tlg009.fu.sp:586.1.text.token.6,urn:cts:greekLit:tlg0019.tlg009.fu.sp:705.1.text.token.3,urn:cts:greekLit:tlg0019.tlg009.fu.sp:931.1.text.token.2,urn:cts:greekLit:tlg0019.tlg009.fu.sp:1225.1.text.token.2,urn:cts:greekLit:tlg0019.tlg009.fu.sp:1238.1.text.token.3,urn:cts:greekLit:tlg0019.tlg009.fu.sp:1240.1.text.token.2,urn:cts:greekLit:tlg0019.tlg009.fu.sp:1264.1.text.token.5,urn:cts:greekLit:tlg0019.tlg009.fu.sp:1385.2.text.token.3
8	μηδʼ		urn:cts:greekLit:tlg0019.tlg009.fu.sp:5.1.text.token.1,urn:cts:greekLit:tlg0019.tlg009.fu.sp:9.1.text.token.1,urn:cts:greekLit:tlg0019.tlg009.fu.sp:24.1.text.token.4,urn:cts:greekLit:tlg0019.tlg009.fu.sp:359.1.text.token.6,urn:cts:greekLit:tlg0019.tlg009.fu.sp:439.1.text.token.1,urn:cts:greekLit:tlg0019.tlg009.fu.sp:1015.1.text.token.1,urn:cts:greekLit:tlg0019.tlg009.fu.sp:1020.1.text.token.4,urn:cts:greekLit:tlg0019.tlg009.fu.sp:1523.1.text.token.1
8	οἶδʼ		urn:cts:greekLit:tlg0019.tlg009.fu.sp:30.1.text.token.2,urn:cts:greekLit:tlg0019.tlg009.fu.sp:75.1.text.token.4,urn:cts:greekLit:tlg0019.tlg009.fu.sp:580.1.text.token.1,urn:cts:greekLit:tlg0019.tlg009.fu.sp:584.1.text.token.1,urn:cts:greekLit:tlg0019.tlg009.fu.sp:584.1.text.token.2,urn:cts:greekLit:tlg0019.tlg009.fu.sp:600b.1.text.token.3,urn:cts:greekLit:tlg0019.tlg009.fu.sp:749.2.text.token.5,urn:cts:greekLit:tlg0019.tlg009.fu.sp:1044.1.text.token.2
7	θʼ		urn:cts:greekLit:tlg0019.tlg009.fu.sp:303.1.text.token.2,urn:cts:greekLit:tlg0019.tlg009.fu.sp:473.1.text.token.2,urn:cts:greekLit:tlg0019.tlg009.fu.sp:727.1.text.token.3,urn:cts:greekLit:tlg0019.tlg009.fu.sp:965.1.text.token.4,urn:cts:greekLit:tlg0019.tlg009.fu.sp:1032.1.text.token.5,urn:cts:greekLit:tlg0019.tlg009.fu.sp:1313.1.text.token.2,urn:cts:greekLit:tlg0019.tlg009.fu.sp:1506.1.text.token.2
6	λέγʼ		urn:cts:greekLit:tlg0019.tlg009.fu.sp:865.1.text.token.7,urn:cts:greekLit:tlg0019.tlg009.fu.sp:1125.1.text.token.7,urn:cts:greekLit:tlg0019.tlg009.fu.sp:1151.1.text.token.1,urn:cts:greekLit:tlg0019.tlg009.fu.sp:1180.1.text.token.3,urn:cts:greekLit:tlg0019.tlg009.fu.sp:1210.1.text.token.1,urn:cts:greekLit:tlg0019.tlg009.fu.sp:1224.1.text.token.3
6	ἔγωγʼ		urn:cts:greekLit:tlg0019.tlg009.fu.sp:51.2.text.token.2,urn:cts:greekLit:tlg0019.tlg009.fu.sp:254.1.text.token.3,urn:cts:greekLit:tlg0019.tlg009.fu.sp:660.2.text.token.2,urn:cts:greekLit:tlg0019.tlg009.fu.sp:695.1.text.token.3,urn:cts:greekLit:tlg0019.tlg009.fu.sp:1252.1.text.token.3,urn:cts:greekLit:tlg0019.tlg009.fu.sp:1257.1.text.token.3
6	κατʼ		urn:cts:greekLit:tlg0019.tlg009.fu.sp:220.1.text.token.2,urn:cts:greekLit:tlg0019.tlg009.fu.sp:626.1.text.token.7,urn:cts:greekLit:tlg0019.tlg009.fu.sp:802.1.text.token.1,urn:cts:greekLit:tlg0019.tlg009.fu.sp:1047.1.text.token.5,urn:cts:greekLit:tlg0019.tlg009.fu.sp:1198.1.text.token.7,urn:cts:greekLit:tlg0019.tlg009.fu.sp:1407.1.text.token.4
6	δύʼ		urn:cts:greekLit:tlg0019.tlg009.fu.sp:140.1.text.token.3,urn:cts:greekLit:tlg0019.tlg009.fu.sp:141.2.text.token.6,urn:cts:greekLit:tlg0019.tlg009.fu.sp:506.1.text.token.2,urn:cts:greekLit:tlg0019.tlg009.fu.sp:515.1.text.token.2,urn:cts:greekLit:tlg0019.tlg009.fu.sp:1405.1.text.token.1,urn:cts:greekLit:tlg0019.tlg009.fu.sp:1410.1.text.token.3
6	δεῦρʼ		urn:cts:greekLit:tlg0019.tlg009.fu.sp:81.1.text.token.3,urn:cts:greekLit:tlg0019.tlg009.fu.sp:301.2.text.token.2,urn:cts:greekLit:tlg0019.tlg009.fu.sp:503.1.text.token.6,urn:cts:greekLit:tlg0019.tlg009.fu.sp:549.1.text.token.3,urn:cts:greekLit:tlg0019.tlg009.fu.sp:613.1.text.token.4,urn:cts:greekLit:tlg0019.tlg009.fu.sp:1518.1.text.token.1
6	ʼστιν		urn:cts:greekLit:tlg0019.tlg009.fu.sp:83.1.text.token.4,urn:cts:greekLit:tlg0019.tlg009.fu.sp:286.1.text.token.3,urn:cts:greekLit:tlg0019.tlg009.fu.sp:292.1.text.token.5,urn:cts:greekLit:tlg0019.tlg009.fu.sp:483.2.text.token.2,urn:cts:greekLit:tlg0019.tlg009.fu.sp:983.1.text.token.5,urn:cts:greekLit:tlg0019.tlg009.fu.sp:1305.1.text.token.6
6	δῆθʼ		urn:cts:greekLit:tlg0019.tlg009.fu.sp:11.1.text.token.2,urn:cts:greekLit:tlg0019.tlg009.fu.sp:28.1.text.token.2,urn:cts:greekLit:tlg0019.tlg009.fu.sp:167.1.text.token.2,urn:cts:greekLit:tlg0019.tlg009.fu.sp:784.1.text.token.2,urn:cts:greekLit:tlg0019.tlg009.fu.sp:914.1.text.token.5,urn:cts:greekLit:tlg0019.tlg009.fu.sp:1089.1.text.token.4
6	αὔτʼ		urn:cts:greekLit:tlg0019.tlg009.fu.sp:488.1.text.token.5,urn:cts:greekLit:tlg0019.tlg009.fu.sp:498.1.text.token.4,urn:cts:greekLit:tlg0019.tlg009.fu.sp:532.1.text.token.5,urn:cts:greekLit:tlg0019.tlg009.fu.sp:843.1.text.token.5,urn:cts:greekLit:tlg0019.tlg009.fu.sp:952.1.text.token.3,urn:cts:greekLit:tlg0019.tlg009.fu.sp:1025.1.text.token.3
6	ἡνίκʼ		urn:cts:greekLit:tlg0019.tlg009.fu.sp:111.1.text.token.4,urn:cts:greekLit:tlg0019.tlg009.fu.sp:747.1.text.token.5,urn:cts:greekLit:tlg0019.tlg009.fu.sp:815.1.text.token.1,urn:cts:greekLit:tlg0019.tlg009.fu.sp:1003.1.text.token.1,urn:cts:greekLit:tlg0019.tlg009.fu.sp:1037.1.text.token.9,urn:cts:greekLit:tlg0019.tlg009.fu.sp:1072.1.text.token.8
6	ἔστʼ		urn:cts:greekLit:tlg0019.tlg009.fu.sp:89.1.text.token.3,urn:cts:greekLit:tlg0019.tlg009.fu.sp:318.1.text.token.2,urn:cts:greekLit:tlg0019.tlg009.fu.sp:590.1.text.token.4,urn:cts:greekLit:tlg0019.tlg009.fu.sp:774.1.text.token.2,urn:cts:greekLit:tlg0019.tlg009.fu.sp:1130.1.text.token.6,urn:cts:greekLit:tlg0019.tlg009.fu.sp:1161.1.text.token.3
5	Ἴακχʼ		urn:cts:greekLit:tlg0019.tlg009.fu.sp:316.1.text.token.1,urn:cts:greekLit:tlg0019.tlg009.fu.sp:317.1.text.token.1,urn:cts:greekLit:tlg0019.tlg009.fu.sp:324.1.text.token.1,urn:cts:greekLit:tlg0019.tlg009.fu.sp:325.1.text.token.1,urn:cts:greekLit:tlg0019.tlg009.fu.sp:341.1.text.token.1
5	τοῦθʼ		urn:cts:greekLit:tlg0019.tlg009.fu.sp:27.1.text.token.4,urn:cts:greekLit:tlg0019.tlg009.fu.sp:75.1.text.token.7,urn:cts:greekLit:tlg0019.tlg009.fu.sp:748.2.text.token.2,urn:cts:greekLit:tlg0019.tlg009.fu.sp:1112.1.text.token.3,urn:cts:greekLit:tlg0019.tlg009.fu.sp:1173.2.text.token.1
5	ἔσθʼ		urn:cts:greekLit:tlg0019.tlg009.fu.sp:514.1.text.token.3,urn:cts:greekLit:tlg0019.tlg009.fu.sp:640.1.text.token.2,urn:cts:greekLit:tlg0019.tlg009.fu.sp:715.1.text.token.2,urn:cts:greekLit:tlg0019.tlg009.fu.sp:1163.1.text.token.7,urn:cts:greekLit:tlg0019.tlg009.fu.sp:1220.2.text.token.2
5	κᾆτʼ		urn:cts:greekLit:tlg0019.tlg009.fu.sp:51.2.text.token.1,urn:cts:greekLit:tlg0019.tlg009.fu.sp:238.1.text.token.1,urn:cts:greekLit:tlg0019.tlg009.fu.sp:547.1.text.token.3,urn:cts:greekLit:tlg0019.tlg009.fu.sp:1083.1.text.token.1,urn:cts:greekLit:tlg0019.tlg009.fu.sp:1440.1.text.token.3
5	ἄρʼ		urn:cts:greekLit:tlg0019.tlg009.fu.sp:19.1.text.token.3,urn:cts:greekLit:tlg0019.tlg009.fu.sp:795.1.text.token.3,urn:cts:greekLit:tlg0019.tlg009.fu.sp:921.1.text.token.5,urn:cts:greekLit:tlg0019.tlg009.fu.sp:1195.2.text.token.2,urn:cts:greekLit:tlg0019.tlg009.fu.sp:1517.1.text.token.5
4	ἐφʼ		urn:cts:greekLit:tlg0019.tlg009.fu.sp:2.1.text.token.1,urn:cts:greekLit:tlg0019.tlg009.fu.sp:478.1.text.token.1,urn:cts:greekLit:tlg0019.tlg009.fu.sp:678.1.text.token.4,urn:cts:greekLit:tlg0019.tlg009.fu.sp:1403.1.text.token.2
4	ὑπʼ		urn:cts:greekLit:tlg0019.tlg009.fu.sp:855.1.text.token.2,urn:cts:greekLit:tlg0019.tlg009.fu.sp:919.1.text.token.1,urn:cts:greekLit:tlg0019.tlg009.fu.sp:921.1.text.token.7,urn:cts:greekLit:tlg0019.tlg009.fu.sp:1088.1.text.token.1
4	διʼ		urn:cts:greekLit:tlg0019.tlg009.fu.sp:61.1.text.token.5,urn:cts:greekLit:tlg0019.tlg009.fu.sp:260.1.text.token.2,urn:cts:greekLit:tlg0019.tlg009.fu.sp:265.1.text.token.3,urn:cts:greekLit:tlg0019.tlg009.fu.sp:1412.1.text.token.3
4	κἄπειτʼ		urn:cts:greekLit:tlg0019.tlg009.fu.sp:132.1.text.token.1,urn:cts:greekLit:tlg0019.tlg009.fu.sp:561.1.text.token.1,urn:cts:greekLit:tlg0019.tlg009.fu.sp:777.1.text.token.1,urn:cts:greekLit:tlg0019.tlg009.fu.sp:923.1.text.token.1
4	τίνʼ		urn:cts:greekLit:tlg0019.tlg009.fu.sp:120.1.text.token.3,urn:cts:greekLit:tlg0019.tlg009.fu.sp:310.1.text.token.1,urn:cts:greekLit:tlg0019.tlg009.fu.sp:1253.1.text.token.1,urn:cts:greekLit:tlg0019.tlg009.fu.sp:1422.1.text.token.6
4	χαῖρʼ		urn:cts:greekLit:tlg0019.tlg009.fu.sp:184.1.text.token.1,urn:cts:greekLit:tlg0019.tlg009.fu.sp:184.1.text.token.5,urn:cts:greekLit:tlg0019.tlg009.fu.sp:184.1.text.token.9,urn:cts:greekLit:tlg0019.tlg009.fu.sp:272.3.text.token.1
4	ὥστʼ		urn:cts:greekLit:tlg0019.tlg009.fu.sp:408.1.text.token.2,urn:cts:greekLit:tlg0019.tlg009.fu.sp:974.1.text.token.4,urn:cts:greekLit:tlg0019.tlg009.fu.sp:1089.1.text.token.6,urn:cts:greekLit:tlg0019.tlg009.fu.sp:1202.1.text.token.4
4	μήτʼ		urn:cts:greekLit:tlg0019.tlg009.fu.sp:119.1.text.token.4,urn:cts:greekLit:tlg0019.tlg009.fu.sp:356.1.text.token.5,urn:cts:greekLit:tlg0019.tlg009.fu.sp:356.1.text.token.7,urn:cts:greekLit:tlg0019.tlg009.fu.sp:906.1.text.token.3
4	παρʼ		urn:cts:greekLit:tlg0019.tlg009.fu.sp:162.1.text.token.4,urn:cts:greekLit:tlg0019.tlg009.fu.sp:252.1.text.token.2,urn:cts:greekLit:tlg0019.tlg009.fu.sp:1013.1.text.token.5,urn:cts:greekLit:tlg0019.tlg009.fu.sp:1309.1.text.token.4
4	μετʼ		urn:cts:greekLit:tlg0019.tlg009.fu.sp:418.1.text.token.4,urn:cts:greekLit:tlg0019.tlg009.fu.sp:782.1.text.token.1,urn:cts:greekLit:tlg0019.tlg009.fu.sp:1196.1.text.token.4,urn:cts:greekLit:tlg0019.tlg009.fu.sp:1513.1.text.token.1
3	δαιμόνιʼ		urn:cts:greekLit:tlg0019.tlg009.fu.sp:175.1.text.token.3,urn:cts:greekLit:tlg0019.tlg009.fu.sp:835.1.text.token.2,urn:cts:greekLit:tlg0019.tlg009.fu.sp:1227.1.text.token.2
3	ἐνθάδʼ		urn:cts:greekLit:tlg0019.tlg009.fu.sp:82.1.text.token.5,urn:cts:greekLit:tlg0019.tlg009.fu.sp:461.1.text.token.2,urn:cts:greekLit:tlg0019.tlg009.fu.sp:761.2.text.token.3
3	σάφʼ		urn:cts:greekLit:tlg0019.tlg009.fu.sp:75.1.text.token.3,urn:cts:greekLit:tlg0019.tlg009.fu.sp:296.1.text.token.1,urn:cts:greekLit:tlg0019.tlg009.fu.sp:918.1.text.token.1
3	τινʼ		urn:cts:greekLit:tlg0019.tlg009.fu.sp:170.1.text.token.3,urn:cts:greekLit:tlg0019.tlg009.fu.sp:911.1.text.token.5,urn:cts:greekLit:tlg0019.tlg009.fu.sp:912.1.text.token.2
3	ῥῆμʼ		urn:cts:greekLit:tlg0019.tlg009.fu.sp:1155.2.text.token.3,urn:cts:greekLit:tlg0019.tlg009.fu.sp:1199.1.text.token.2,urn:cts:greekLit:tlg0019.tlg009.fu.sp:1379.1.text.token.4
3	καθʼ		urn:cts:greekLit:tlg0019.tlg009.fu.sp:101.1.text.token.7,urn:cts:greekLit:tlg0019.tlg009.fu.sp:463.1.text.token.1,urn:cts:greekLit:tlg0019.tlg009.fu.sp:1162.1.text.token.7
3	ἐκεῖνʼ		urn:cts:greekLit:tlg0019.tlg009.fu.sp:7.1.text.token.5,urn:cts:greekLit:tlg0019.tlg009.fu.sp:318.1.text.token.3,urn:cts:greekLit:tlg0019.tlg009.fu.sp:1341.1.text.token.2
3	πάντʼ		urn:cts:greekLit:tlg0019.tlg009.fu.sp:302.2.text.token.3,urn:cts:greekLit:tlg0019.tlg009.fu.sp:1118.1.text.token.1,urn:cts:greekLit:tlg0019.tlg009.fu.sp:1217.1.text.token.4
3	νʼ		urn:cts:greekLit:tlg0019.tlg009.fu.sp:358.1.text.token.6,urn:cts:greekLit:tlg0019.tlg009.fu.sp:1103.1.text.token.3,urn:cts:greekLit:tlg0019.tlg009.fu.sp:1431b.1.text.token.5
3	ἐστʼ		urn:cts:greekLit:tlg0019.tlg009.fu.sp:4.1.text.token.7,urn:cts:greekLit:tlg0019.tlg009.fu.sp:227.1.text.token.3,urn:cts:greekLit:tlg0019.tlg009.fu.sp:1078.1.text.token.6
3	ʼγὼ		urn:cts:greekLit:tlg0019.tlg009.fu.sp:28.1.text.token.6,urn:cts:greekLit:tlg0019.tlg009.fu.sp:495.1.text.token.4,urn:cts:greekLit:tlg0019.tlg009.fu.sp:1147.1.text.token.5
2	κάλλιστʼ		urn:cts:greekLit:tlg0019.tlg009.fu.sp:206.1.text.token.1,urn:cts:greekLit:tlg0019.tlg009.fu.sp:508.1.text.token.1
2	ἔμοιγʼ		urn:cts:greekLit:tlg0019.tlg009.fu.sp:570.1.text.token.3,urn:cts:greekLit:tlg0019.tlg009.fu.sp:625.1.text.token.3
2	πώποτʼ		urn:cts:greekLit:tlg0019.tlg009.fu.sp:613.1.text.token.2,urn:cts:greekLit:tlg0019.tlg009.fu.sp:1044.1.text.token.6
2	ὁπόθʼ		urn:cts:greekLit:tlg0019.tlg009.fu.sp:651.1.text.token.1,urn:cts:greekLit:tlg0019.tlg009.fu.sp:920.1.text.token.1
2	χρώμεθʼ		urn:cts:greekLit:tlg0019.tlg009.fu.sp:725.1.text.token.1,urn:cts:greekLit:tlg0019.tlg009.fu.sp:959.1.text.token.6
2	οὐκέτʼ		urn:cts:greekLit:tlg0019.tlg009.fu.sp:72.1.text.token.4,urn:cts:greekLit:tlg0019.tlg009.fu.sp:292.1.text.token.2
2	οἷʼ		urn:cts:greekLit:tlg0019.tlg009.fu.sp:906.1.text.token.6,urn:cts:greekLit:tlg0019.tlg009.fu.sp:921.1.text.token.4
2	ὄντʼ		urn:cts:greekLit:tlg0019.tlg009.fu.sp:629.1.text.token.5,urn:cts:greekLit:tlg0019.tlg009.fu.sp:1053.1.text.token.4
2	ῥήμαθʼ		urn:cts:greekLit:tlg0019.tlg009.fu.sp:821.1.text.token.1,urn:cts:greekLit:tlg0019.tlg009.fu.sp:929.1.text.token.4
2	ἅττʼ		urn:cts:greekLit:tlg0019.tlg009.fu.sp:751.1.text.token.1,urn:cts:greekLit:tlg0019.tlg009.fu.sp:936.1.text.token.9
2	ʼπὶ		urn:cts:greekLit:tlg0019.tlg009.fu.sp:187.1.text.token.10,urn:cts:greekLit:tlg0019.tlg009.fu.sp:199.1.text.token.2
2	μἀλλʼ		urn:cts:greekLit:tlg0019.tlg009.fu.sp:611.2.text.token.1,urn:cts:greekLit:tlg0019.tlg009.fu.sp:745.2.text.token.1
2	ἄριστʼ		urn:cts:greekLit:tlg0019.tlg009.fu.sp:1161.1.text.token.6,urn:cts:greekLit:tlg0019.tlg009.fu.sp:1395.1.text.token.6
2	ἐσθʼ		urn:cts:greekLit:tlg0019.tlg009.fu.sp:282.1.text.token.5,urn:cts:greekLit:tlg0019.tlg009.fu.sp:322.1.text.token.2
2	αὔθʼ		urn:cts:greekLit:tlg0019.tlg009.fu.sp:1242.1.text.token.6,urn:cts:greekLit:tlg0019.tlg009.fu.sp:1299.1.text.token.2
2	λαμπάδʼ		urn:cts:greekLit:tlg0019.tlg009.fu.sp:131.1.text.token.3,urn:cts:greekLit:tlg0019.tlg009.fu.sp:1098.1.text.token.3
2	Μοῦσʼ		urn:cts:greekLit:tlg0019.tlg009.fu.sp:1306.1.text.token.5,urn:cts:greekLit:tlg0019.tlg009.fu.sp:1308.1.text.token.4
2	δείνʼ		urn:cts:greekLit:tlg0019.tlg009.fu.sp:279.1.text.token.2,urn:cts:greekLit:tlg0019.tlg009.fu.sp:925.1.text.token.6
2	ποθʼ		urn:cts:greekLit:tlg0019.tlg009.fu.sp:268.1.text.token.4,urn:cts:greekLit:tlg0019.tlg009.fu.sp:1308.1.text.token.2
2	πολυτίμητʼ		urn:cts:greekLit:tlg0019.tlg009.fu.sp:324.1.text.token.3,urn:cts:greekLit:tlg0019.tlg009.fu.sp:851.1.text.token.4
2	Αἰσχύλʼ		urn:cts:greekLit:tlg0019.tlg009.fu.sp:856.1.text.token.6,urn:cts:greekLit:tlg0019.tlg009.fu.sp:1171.1.text.token.1
2	ἅτʼ		urn:cts:greekLit:tlg0019.tlg009.fu.sp:546.1.text.token.3,urn:cts:greekLit:tlg0019.tlg009.fu.sp:671.1.text.token.4
2	μάλʼ		urn:cts:greekLit:tlg0019.tlg009.fu.sp:369.1.text.token.8,urn:cts:greekLit:tlg0019.tlg009.fu.sp:412.1.text.token.5
2	ταὔτʼ		urn:cts:greekLit:tlg0019.tlg009.fu.sp:1161.1.text.token.2,urn:cts:greekLit:tlg0019.tlg009.fu.sp:1250.1.text.token.5
2	ἥντινʼ		urn:cts:greekLit:tlg0019.tlg009.fu.sp:1044.1.text.token.4,urn:cts:greekLit:tlg0019.tlg009.fu.sp:1436.1.text.token.4
2	λῆμʼ		urn:cts:greekLit:tlg0019.tlg009.fu.sp:463.1.text.token.7,urn:cts:greekLit:tlg0019.tlg009.fu.sp:500.1.text.token.8
2	οἴκαδʼ		urn:cts:greekLit:tlg0019.tlg009.fu.sp:1470.1.text.token.5,urn:cts:greekLit:tlg0019.tlg009.fu.sp:1486.1.text.token.3
2	στρώματʼ		urn:cts:greekLit:tlg0019.tlg009.fu.sp:165.1.text.token.6,urn:cts:greekLit:tlg0019.tlg009.fu.sp:502.1.text.token.5
2	πατρῷʼ		urn:cts:greekLit:tlg0019.tlg009.fu.sp:1126.1.text.token.3,urn:cts:greekLit:tlg0019.tlg009.fu.sp:1138.1.text.token.4
2	ἀνέπτατʼ		urn:cts:greekLit:tlg0019.tlg009.fu.sp:1351b.1.text.token.3,urn:cts:greekLit:tlg0019.tlg009.fu.sp:1351b.1.text.token.4
2	ἔχοντʼ		urn:cts:greekLit:tlg0019.tlg009.fu.sp:696.1.text.token.8,urn:cts:greekLit:tlg0019.tlg009.fu.sp:838.1.text.token.1
2	ἀνʼ		urn:cts:greekLit:tlg0019.tlg009.fu.sp:445.1.text.token.8,urn:cts:greekLit:tlg0019.tlg009.fu.sp:554.1.text.token.1
2	πότερʼ		urn:cts:greekLit:tlg0019.tlg009.fu.sp:1141.1.text.token.1,urn:cts:greekLit:tlg0019.tlg009.fu.sp:1452.1.text.token.2
2	κάκιστʼ		urn:cts:greekLit:tlg0019.tlg009.fu.sp:579.1.text.token.1,urn:cts:greekLit:tlg0019.tlg009.fu.sp:588.1.text.token.1
2	τῷδʼ		urn:cts:greekLit:tlg0019.tlg009.fu.sp:1134.1.text.token.3,urn:cts:greekLit:tlg0019.tlg009.fu.sp:1229.1.text.token.3
2	εἴσιθʼ		urn:cts:greekLit:tlg0019.tlg009.fu.sp:512.1.text.token.2,urn:cts:greekLit:tlg0019.tlg009.fu.sp:517.1.text.token.2
2	ἀπʼ		urn:cts:greekLit:tlg0019.tlg009.fu.sp:1030.1.text.token.10,urn:cts:greekLit:tlg0019.tlg009.fu.sp:1354.1.text.token.4
2	εἶμʼ		urn:cts:greekLit:tlg0019.tlg009.fu.sp:577.1.text.token.2,urn:cts:greekLit:tlg0019.tlg009.fu.sp:646.1.text.token.2
2	τόθʼ		urn:cts:greekLit:tlg0019.tlg009.fu.sp:111.1.text.token.2,urn:cts:greekLit:tlg0019.tlg009.fu.sp:133.1.text.token.5
2	ἔλθʼ		urn:cts:greekLit:tlg0019.tlg009.fu.sp:549.1.text.token.4,urn:cts:greekLit:tlg0019.tlg009.fu.sp:675.1.text.token.7
2	ἔτʼ		urn:cts:greekLit:tlg0019.tlg009.fu.sp:74.1.text.token.1,urn:cts:greekLit:tlg0019.tlg009.fu.sp:706.1.text.token.11
2	δώδεκʼ		urn:cts:greekLit:tlg0019.tlg009.fu.sp:50.1.text.token.4,urn:cts:greekLit:tlg0019.tlg009.fu.sp:924.1.text.token.7
1	ᾤχετʼ		urn:cts:greekLit:tlg0019.tlg009.fu.sp:567.1.text.token.3
1	ἅμʼ		urn:cts:greekLit:tlg0019.tlg009.fu.sp:512.1.text.token.3
1	ἔπειτʼ		urn:cts:greekLit:tlg0019.tlg009.fu.sp:948.1.text.token.1
1	ὀμώμοκʼ		urn:cts:greekLit:tlg0019.tlg009.fu.sp:1471.1.text.token.4
1	ἁπαξάπανθʼ		urn:cts:greekLit:tlg0019.tlg009.fu.sp:161.1.text.token.4
1	λάρυγγʼ		urn:cts:greekLit:tlg0019.tlg009.fu.sp:575.1.text.token.4
1	πρῶθʼ		urn:cts:greekLit:tlg0019.tlg009.fu.sp:1239.1.text.token.3
1	τἄρʼ		urn:cts:greekLit:tlg0019.tlg009.fu.sp:656.1.text.token.2
1	ἐξόπισθʼ		urn:cts:greekLit:tlg0019.tlg009.fu.sp:286.3.text.token.1
1	οἶσθʼ		urn:cts:greekLit:tlg0019.tlg009.fu.sp:556.1.text.token.2
1	ἀπολέσαιμʼ		urn:cts:greekLit:tlg0019.tlg009.fu.sp:134.1.text.token.2
1	παραπρίσματʼ		urn:cts:greekLit:tlg0019.tlg009.fu.sp:881.1.text.token.3
1	συνέβαινʼ		urn:cts:greekLit:tlg0019.tlg009.fu.sp:807.1.text.token.4
1	ἐξελεγχθέντʼ		urn:cts:greekLit:tlg0019.tlg009.fu.sp:741.1.text.token.6
1	οὕνεχʼ		urn:cts:greekLit:tlg0019.tlg009.fu.sp:1118.1.text.token.5
1	κᾆθʼ		urn:cts:greekLit:tlg0019.tlg009.fu.sp:1093.1.text.token.5
1	μητέρʼ		urn:cts:greekLit:tlg0019.tlg009.fu.sp:149.1.text.token.2
1	ὑπάγεθʼ		urn:cts:greekLit:tlg0019.tlg009.fu.sp:174.2.text.token.1
1	ἐπύθεθʼ		urn:cts:greekLit:tlg0019.tlg009.fu.sp:504.1.text.token.6
1	ὤφελʼ		urn:cts:greekLit:tlg0019.tlg009.fu.sp:1382.1.text.token.3
1	τοῦδʼ		urn:cts:greekLit:tlg0019.tlg009.fu.sp:1035.1.text.token.8
1	κατέφαγʼ		urn:cts:greekLit:tlg0019.tlg009.fu.sp:551.1.text.token.3
1	ῥᾷστʼ		urn:cts:greekLit:tlg0019.tlg009.fu.sp:205.2.text.token.1
1	ἴσθʼ		urn:cts:greekLit:tlg0019.tlg009.fu.sp:440.1.text.token.2
1	ἑκκαίδεκʼ		urn:cts:greekLit:tlg0019.tlg009.fu.sp:551.1.text.token.1
1	ἥδʼ		urn:cts:greekLit:tlg0019.tlg009.fu.sp:514.1.text.token.1
1	κόπτοιμʼ		urn:cts:greekLit:tlg0019.tlg009.fu.sp:573.1.text.token.1
1	μεμυήμεθʼ		urn:cts:greekLit:tlg0019.tlg009.fu.sp:457.1.text.token.2
1	κοὐκέτʼ		urn:cts:greekLit:tlg0019.tlg009.fu.sp:1076.1.text.token.4
1	ἐννέʼ		urn:cts:greekLit:tlg0019.tlg009.fu.sp:177.1.text.token.2
1	τόνδʼ		urn:cts:greekLit:tlg0019.tlg009.fu.sp:326.1.text.token.2
1	ʼγʼὼ		urn:cts:greekLit:tlg0019.tlg009.fu.sp:1480.1.text.token.3
1	οἰμώζετʼ		urn:cts:greekLit:tlg0019.tlg009.fu.sp:257.1.text.token.1
1	ʼστὶ		urn:cts:greekLit:tlg0019.tlg009.fu.sp:1401.1.text.token.6
1	ʼσται		urn:cts:greekLit:tlg0019.tlg009.fu.sp:596.1.text.token.1
1	φαίνοιντʼ		urn:cts:greekLit:tlg0019.tlg009.fu.sp:1064.1.text.token.3
1	ὦγάθʼ		urn:cts:greekLit:tlg0019.tlg009.fu.sp:1235.1.text.token.2
1	λέγοιτʼ		urn:cts:greekLit:tlg0019.tlg009.fu.sp:1401.1.text.token.1
1	διαγωνιεῖσθʼ		urn:cts:greekLit:tlg0019.tlg009.fu.sp:794.1.text.token.1
1	εἴθʼ		urn:cts:greekLit:tlg0019.tlg009.fu.sp:1382.1.text.token.2
1	κἀπʼ		urn:cts:greekLit:tlg0019.tlg009.fu.sp:406.1.text.token.1
1	ʼγώ		urn:cts:greekLit:tlg0019.tlg009.fu.sp:25.1.text.token.4
1	ἄχεʼ		urn:cts:greekLit:tlg0019.tlg009.fu.sp:1353.1.text.token.3
1	κατῆλθʼ		urn:cts:greekLit:tlg0019.tlg009.fu.sp:771.1.text.token.3
1	κἄμοιγʼ		urn:cts:greekLit:tlg0019.tlg009.fu.sp:1364.2.text.token.1
1	ἀτρέμʼ		urn:cts:greekLit:tlg0019.tlg009.fu.sp:339.1.text.token.2
1	ἕτερʼ		urn:cts:greekLit:tlg0019.tlg009.fu.sp:89.1.text.token.2
1	οὐκέθʼ		urn:cts:greekLit:tlg0019.tlg009.fu.sp:1112.1.text.token.6
1	ἔξαγʼ		urn:cts:greekLit:tlg0019.tlg009.fu.sp:352.1.text.token.2
1	ʼξεκένωσεν		urn:cts:greekLit:tlg0019.tlg009.fu.sp:1070.1.text.token.2
1	ἔχοιτʼ		urn:cts:greekLit:tlg0019.tlg009.fu.sp:435.1.text.token.1
1	χρησαίμεσθʼ		urn:cts:greekLit:tlg0019.tlg009.fu.sp:1448.1.text.token.2
1	ʼφύλαττον		urn:cts:greekLit:tlg0019.tlg009.fu.sp:469.1.text.token.3
1	ὠχρίασʼ		urn:cts:greekLit:tlg0019.tlg009.fu.sp:307.1.text.token.5
1	ἴθʼ		urn:cts:greekLit:tlg0019.tlg009.fu.sp:301.1.text.token.1
1	τάδʼ		urn:cts:greekLit:tlg0019.tlg009.fu.sp:713.1.text.token.6
1	κύδιστʼ		urn:cts:greekLit:tlg0019.tlg009.fu.sp:1270.1.text.token.1
1	πόσʼ		urn:cts:greekLit:tlg0019.tlg009.fu.sp:173.1.text.token.1
1	ἔλθετʼ		urn:cts:greekLit:tlg0019.tlg009.fu.sp:879.1.text.token.1
1	Ἰοφῶντʼ		urn:cts:greekLit:tlg0019.tlg009.fu.sp:78.1.text.token.5
1	ʼπʼ		urn:cts:greekLit:tlg0019.tlg009.fu.sp:928.1.text.token.7
1	τἀπόρρητʼ		urn:cts:greekLit:tlg0019.tlg009.fu.sp:362.1.text.token.8
1	παυσαίμεθʼ		urn:cts:greekLit:tlg0019.tlg009.fu.sp:1531.1.text.token.6
1	τῆσδʼ		urn:cts:greekLit:tlg0019.tlg009.fu.sp:36.1.text.token.4
1	ποιοῦσʼ		urn:cts:greekLit:tlg0019.tlg009.fu.sp:1349b.1.text.token.2
1	ἔχουσʼ		urn:cts:greekLit:tlg0019.tlg009.fu.sp:1360.1.text.token.3
1	ἤμελλʼ		urn:cts:greekLit:tlg0019.tlg009.fu.sp:1038.1.text.token.7
1	ʼβουλόμην		urn:cts:greekLit:tlg0019.tlg009.fu.sp:1147.1.text.token.6
1	κατέκειτʼ		urn:cts:greekLit:tlg0019.tlg009.fu.sp:489.1.text.token.1
1	κάχʼ		urn:cts:greekLit:tlg0019.tlg009.fu.sp:958.1.text.token.1
1	μηκέτʼ		urn:cts:greekLit:tlg0019.tlg009.fu.sp:1407.1.text.token.2
1	ἀφιξόμεθʼ		urn:cts:greekLit:tlg0019.tlg009.fu.sp:118.1.text.token.3
1	ʼξεμεῖν		urn:cts:greekLit:tlg0019.tlg009.fu.sp:11.1.text.token.10
1	ʼπάταξά		urn:cts:greekLit:tlg0019.tlg009.fu.sp:645.1.text.token.2
1	ἆρʼ		urn:cts:greekLit:tlg0019.tlg009.fu.sp:64.1.text.token.1
1	ἄγʼ		urn:cts:greekLit:tlg0019.tlg009.fu.sp:396.1.text.token.1
1	ὦμαθέστατʼ		urn:cts:greekLit:tlg0019.tlg009.fu.sp:933.1.text.token.5
1	βέβληκʼ		urn:cts:greekLit:tlg0019.tlg009.fu.sp:1400.1.text.token.2
1	ἀνάβραστʼ		urn:cts:greekLit:tlg0019.tlg009.fu.sp:553.1.text.token.6
1	παῦʼ		urn:cts:greekLit:tlg0019.tlg009.fu.sp:843.2.text.token.1
1	κατέδειξʼ		urn:cts:greekLit:tlg0019.tlg009.fu.sp:1079.1.text.token.3
1	δέδοιχʼ		urn:cts:greekLit:tlg0019.tlg009.fu.sp:1260.1.text.token.2
1	λαβόνθʼ		urn:cts:greekLit:tlg0019.tlg009.fu.sp:538.1.text.token.4
1	ἀμίδʼ		urn:cts:greekLit:tlg0019.tlg009.fu.sp:544.1.text.token.4
1	ἐνήλαθʼ		urn:cts:greekLit:tlg0019.tlg009.fu.sp:39.1.text.token.1
1	μηδέποτʼ		urn:cts:greekLit:tlg0019.tlg009.fu.sp:1522.1.text.token.1
1	ἀπηνθράκιζʼ		urn:cts:greekLit:tlg0019.tlg009.fu.sp:506.1.text.token.7
1	ἅρματʼ		urn:cts:greekLit:tlg0019.tlg009.fu.sp:1405.1.text.token.2
1	ἀδικοῦντʼ		urn:cts:greekLit:tlg0019.tlg009.fu.sp:617.1.text.token.5
1	τἀναντίʼ		urn:cts:greekLit:tlg0019.tlg009.fu.sp:1450.1.text.token.1
1	πόνηρʼ		urn:cts:greekLit:tlg0019.tlg009.fu.sp:852.1.text.token.6
1	ἔλεγχʼ		urn:cts:greekLit:tlg0019.tlg009.fu.sp:857.1.text.token.1
1	ʼμʼαυτὸν		urn:cts:greekLit:tlg0019.tlg009.fu.sp:601b.1.text.token.1
1	φήμʼ		urn:cts:greekLit:tlg0019.tlg009.fu.sp:632.3.text.token.1
1	μήθʼ		urn:cts:greekLit:tlg0019.tlg009.fu.sp:906.1.text.token.5
1	γλῶττʼ		urn:cts:greekLit:tlg0019.tlg009.fu.sp:1471.1.text.token.3
1	φίλταθʼ		urn:cts:greekLit:tlg0019.tlg009.fu.sp:503.1.text.token.2
1	ʼγωγε		urn:cts:greekLit:tlg0019.tlg009.fu.sp:276.1.text.token.4
1	κύνʼ		urn:cts:greekLit:tlg0019.tlg009.fu.sp:467.1.text.token.3
1	αὐτίκʼ		urn:cts:greekLit:tlg0019.tlg009.fu.sp:238.1.text.token.2
1	βλάπτουσʼ		urn:cts:greekLit:tlg0019.tlg009.fu.sp:1049.1.text.token.3
1	βασάνιζʼ		urn:cts:greekLit:tlg0019.tlg009.fu.sp:625.1.text.token.7
1	Πυθῶνʼ		urn:cts:greekLit:tlg0019.tlg009.fu.sp:659.1.text.token.5
1	ὑφʼ		urn:cts:greekLit:tlg0019.tlg009.fu.sp:29.1.text.token.8
1	πρῶτʼ		urn:cts:greekLit:tlg0019.tlg009.fu.sp:908.1.text.token.8
1	φράσαιμʼ		urn:cts:greekLit:tlg0019.tlg009.fu.sp:1461.1.text.token.2
1	ἄρνʼ		urn:cts:greekLit:tlg0019.tlg009.fu.sp:847.1.text.token.1
1	πεπλήγμεθʼ		urn:cts:greekLit:tlg0019.tlg009.fu.sp:1214.1.text.token.2
1	ἀπολούμεθʼ		urn:cts:greekLit:tlg0019.tlg009.fu.sp:298.1.text.token.1
1	πίστʼ		urn:cts:greekLit:tlg0019.tlg009.fu.sp:1444.1.text.token.4
1	ἥκοντʼ		urn:cts:greekLit:tlg0019.tlg009.fu.sp:504.1.text.token.7
1	χρῆμʼ		urn:cts:greekLit:tlg0019.tlg009.fu.sp:795.1.text.token.2
1	λαβοῦσʼ		urn:cts:greekLit:tlg0019.tlg009.fu.sp:576.1.text.token.2
1	φθεγξώμεθʼ		urn:cts:greekLit:tlg0019.tlg009.fu.sp:213.1.text.token.1
1	πράγματʼ		urn:cts:greekLit:tlg0019.tlg009.fu.sp:959.1.text.token.2
1	φθεγξόμεσθʼ		urn:cts:greekLit:tlg0019.tlg009.fu.sp:242.1.text.token.1
1	βλέποντʼ		urn:cts:greekLit:tlg0019.tlg009.fu.sp:602.1.text.token.2
1	σῳζοίμεθʼ		urn:cts:greekLit:tlg0019.tlg009.fu.sp:1450.1.text.token.5
1	ʼζων		urn:cts:greekLit:tlg0019.tlg009.fu.sp:1072.1.text.token.10
1	ὦνθρωφʼ		urn:cts:greekLit:tlg0019.tlg009.fu.sp:299.1.text.token.1
1	†ἡνίκʼ		urn:cts:greekLit:tlg0019.tlg009.fu.sp:1028.1.text.token.4
1	κλαύμαθʼ		urn:cts:greekLit:tlg0019.tlg009.fu.sp:813.1.text.token.3
1	ἐξόλοισθʼ		urn:cts:greekLit:tlg0019.tlg009.fu.sp:226.1.text.token.2
1	παίουσʼ		urn:cts:greekLit:tlg0019.tlg009.fu.sp:1094.1.text.token.4
1	χρήστʼ		urn:cts:greekLit:tlg0019.tlg009.fu.sp:1035.1.text.token.10
1	ἠπίσταντʼ		urn:cts:greekLit:tlg0019.tlg009.fu.sp:1073.1.text.token.2
1	σφαλῆτʼ		urn:cts:greekLit:tlg0019.tlg009.fu.sp:736.1.text.token.5
1	προσέχουσʼ		urn:cts:greekLit:tlg0019.tlg009.fu.sp:1346.1.text.token.5
1	περίβαλλʼ		urn:cts:greekLit:tlg0019.tlg009.fu.sp:1322.1.text.token.1
1	ʼνθάδʼ		urn:cts:greekLit:tlg0019.tlg009.fu.sp:436.1.text.token.3
1	ἐπαίροιμʼ		urn:cts:greekLit:tlg0019.tlg009.fu.sp:1041.1.text.token.7
1	ʼρεῖς		urn:cts:greekLit:tlg0019.tlg009.fu.sp:7.1.text.token.8
1	πορνεῖʼ		urn:cts:greekLit:tlg0019.tlg009.fu.sp:113.1.text.token.1
1	Βακχεῖʼ		urn:cts:greekLit:tlg0019.tlg009.fu.sp:357.1.text.token.6
1	τάχιστʼ		urn:cts:greekLit:tlg0019.tlg009.fu.sp:118.1.text.token.2
1	μηδένʼ		urn:cts:greekLit:tlg0019.tlg009.fu.sp:692.1.text.token.5
1	ʼστὶν		urn:cts:greekLit:tlg0019.tlg009.fu.sp:182.1.text.token.2
1	ῥᾴδιʼ		urn:cts:greekLit:tlg0019.tlg009.fu.sp:930.1.text.token.4
1	φέρʼ		urn:cts:greekLit:tlg0019.tlg009.fu.sp:291.2.text.token.4
1	αἴροιʼ		urn:cts:greekLit:tlg0019.tlg009.fu.sp:441.1.text.token.1
1	φήσʼ		urn:cts:greekLit:tlg0019.tlg009.fu.sp:382.1.text.token.2
1	γλῶσσʼ		urn:cts:greekLit:tlg0019.tlg009.fu.sp:827.1.text.token.1
1	χεῖρʼ		urn:cts:greekLit:tlg0019.tlg009.fu.sp:1029.1.text.token.6
1	ἀνασπῶντʼ		urn:cts:greekLit:tlg0019.tlg009.fu.sp:903.1.text.token.3
1	εἴμʼ		urn:cts:greekLit:tlg0019.tlg009.fu.sp:45.1.text.token.5
1	εἶπʼ		urn:cts:greekLit:tlg0019.tlg009.fu.sp:946.1.text.token.8
1	ʼπάταξα		urn:cts:greekLit:tlg0019.tlg009.fu.sp:647.1.text.token.3
1	κατήλιφʼ		urn:cts:greekLit:tlg0019.tlg009.fu.sp:566.1.text.token.3
1	ὦδέλφʼ		urn:cts:greekLit:tlg0019.tlg009.fu.sp:58.1.text.token.4
1	σκευάριʼ		urn:cts:greekLit:tlg0019.tlg009.fu.sp:172.1.text.token.3
1	ἄραιντʼ		urn:cts:greekLit:tlg0019.tlg009.fu.sp:1406.1.text.token.4
1	Φθιῶτʼ		urn:cts:greekLit:tlg0019.tlg009.fu.sp:1264.1.text.token.1
1	εἰκόνʼ		urn:cts:greekLit:tlg0019.tlg009.fu.sp:538.1.text.token.1
1	ʼστι		urn:cts:greekLit:tlg0019.tlg009.fu.sp:291.2.text.token.2
1	καταγέλαστʼ		urn:cts:greekLit:tlg0019.tlg009.fu.sp:480.1.text.token.2
1	ʼκτραφεὶς		urn:cts:greekLit:tlg0019.tlg009.fu.sp:1191.1.text.token.3
1	Φοῖβʼ		urn:cts:greekLit:tlg0019.tlg009.fu.sp:754.1.text.token.2
1	εἰμʼ		urn:cts:greekLit:tlg0019.tlg009.fu.sp:860.1.text.token.2
1	ʼδραττόμην		urn:cts:greekLit:tlg0019.tlg009.fu.sp:545.1.text.token.2
1	ῥάκιʼ		urn:cts:greekLit:tlg0019.tlg009.fu.sp:1063.1.text.token.5
1	φράζʼ		urn:cts:greekLit:tlg0019.tlg009.fu.sp:1508.1.text.token.2
1	εἶνʼ		urn:cts:greekLit:tlg0019.tlg009.fu.sp:692.1.text.token.6
1	ἐνθένδʼ		urn:cts:greekLit:tlg0019.tlg009.fu.sp:1462.1.text.token.7
1	μεθʼ		urn:cts:greekLit:tlg0019.tlg009.fu.sp:697.1.text.token.8
1	Διόνυσʼ		urn:cts:greekLit:tlg0019.tlg009.fu.sp:1479.1.text.token.4
1	Πλούτωνʼ		urn:cts:greekLit:tlg0019.tlg009.fu.sp:436.1.text.token.1
1	ὅτʼ		urn:cts:greekLit:tlg0019.tlg009.fu.sp:22.1.text.token.1
1	τάχʼ		urn:cts:greekLit:tlg0019.tlg009.fu.sp:527.2.text.token.2
1	ποῖʼ		urn:cts:greekLit:tlg0019.tlg009.fu.sp:936.1.text.token.6
1	θηρίʼ		urn:cts:greekLit:tlg0019.tlg009.fu.sp:143.1.text.token.5
1	πλάστιγγʼ		urn:cts:greekLit:tlg0019.tlg009.fu.sp:1378.1.text.token.6
1	ἡνίχʼ		urn:cts:greekLit:tlg0019.tlg009.fu.sp:218.1.text.token.1
1	ἠλαζονεύεθʼ		urn:cts:greekLit:tlg0019.tlg009.fu.sp:280.1.text.token.1
1	ʼκλεψα		urn:cts:greekLit:tlg0019.tlg009.fu.sp:614.1.text.token.2
1	χηστρίδʼ		urn:cts:greekLit:tlg0019.tlg009.fu.sp:544.1.text.token.1
1	ὥσθʼ		urn:cts:greekLit:tlg0019.tlg009.fu.sp:869.1.text.token.5
1	ῥήματʼ		urn:cts:greekLit:tlg0019.tlg009.fu.sp:924.1.text.token.4
1	ἔχʼ		urn:cts:greekLit:tlg0019.tlg009.fu.sp:532.1.text.token.4
1	ἔκβαινʼ		urn:cts:greekLit:tlg0019.tlg009.fu.sp:270.1.text.token.1
1	ʼπίορκον		urn:cts:greekLit:tlg0019.tlg009.fu.sp:150.1.text.token.4
1	φράσουσʼ		urn:cts:greekLit:tlg0019.tlg009.fu.sp:161.1.text.token.3
1	ἔδρασʼ		urn:cts:greekLit:tlg0019.tlg009.fu.sp:918.2.text.token.7
1	παραινεῖτʼ		urn:cts:greekLit:tlg0019.tlg009.fu.sp:597.1.text.token.4
1	κἀκόπτετʼ		urn:cts:greekLit:tlg0019.tlg009.fu.sp:429.1.text.token.1
1	ἠργάσατʼ		urn:cts:greekLit:tlg0019.tlg009.fu.sp:488.1.text.token.6
1	ὑποκινήσαντʼ		urn:cts:greekLit:tlg0019.tlg009.fu.sp:644.2.text.token.5
1	περιόψομἀπελθόντʼ		urn:cts:greekLit:tlg0019.tlg009.fu.sp:509.1.text.token.1
1	ἔμελλʼ		urn:cts:greekLit:tlg0019.tlg009.fu.sp:518.1.text.token.1
1	σπλάγχνʼ		urn:cts:greekLit:tlg0019.tlg009.fu.sp:1006.1.text.token.9
1	ʼνιαυτῷ		urn:cts:greekLit:tlg0019.tlg009.fu.sp:18.1.text.token.3
1	δέσποθʼ		urn:cts:greekLit:tlg0019.tlg009.fu.sp:318.1.text.token.5
1	παρῆκʼ		urn:cts:greekLit:tlg0019.tlg009.fu.sp:948.1.text.token.7
1	ʼπικαθῆτο		urn:cts:greekLit:tlg0019.tlg009.fu.sp:1046.1.text.token.10
1	σχέτλιʼ		urn:cts:greekLit:tlg0019.tlg009.fu.sp:1049.1.text.token.5
1	πόλλʼ		urn:cts:greekLit:tlg0019.tlg009.fu.sp:164.1.text.token.3
1	ἄττʼ		urn:cts:greekLit:tlg0019.tlg009.fu.sp:936.1.text.token.7
1	σῦκʼ		urn:cts:greekLit:tlg0019.tlg009.fu.sp:1247.1.text.token.3
1	Κλέωνʼ		urn:cts:greekLit:tlg0019.tlg009.fu.sp:577.1.text.token.5
1	εἶθʼ		urn:cts:greekLit:tlg0019.tlg009.fu.sp:1192.1.text.token.1
1	ἔφασκʼ		urn:cts:greekLit:tlg0019.tlg009.fu.sp:279.1.text.token.3
1	Φερρέφατθʼ		urn:cts:greekLit:tlg0019.tlg009.fu.sp:671.1.text.token.2
1	ἕπτʼ		urn:cts:greekLit:tlg0019.tlg009.fu.sp:1021.3.text.token.2
1	παιδίʼ		urn:cts:greekLit:tlg0019.tlg009.fu.sp:1408.1.text.token.3
1	ἀγώνισμʼ		urn:cts:greekLit:tlg0019.tlg009.fu.sp:284.1.text.token.3
1	τράπεζʼ		urn:cts:greekLit:tlg0019.tlg009.fu.sp:518.1.text.token.4
1	ἔχοιμʼ		urn:cts:greekLit:tlg0019.tlg009.fu.sp:695.1.text.token.4
1	πίσθʼ		urn:cts:greekLit:tlg0019.tlg009.fu.sp:1443.1.text.token.5
1	κάθιζʼ		urn:cts:greekLit:tlg0019.tlg009.fu.sp:197.1.text.token.1
1	φαίδιμʼ		urn:cts:greekLit:tlg0019.tlg009.fu.sp:992.1.text.token.4
1	μιαρώτατʼ		urn:cts:greekLit:tlg0019.tlg009.fu.sp:1472.1.text.token.4
1	ʼνεσκεύασα		urn:cts:greekLit:tlg0019.tlg009.fu.sp:523.1.text.token.5
1	ἐχρήσατʼ		urn:cts:greekLit:tlg0019.tlg009.fu.sp:733.1.text.token.5
1	τἄλλʼ		urn:cts:greekLit:tlg0019.tlg009.fu.sp:809.1.text.token.3
1	λάβʼ		urn:cts:greekLit:tlg0019.tlg009.fu.sp:177.1.text.token.1
1	ʼτέρᾳ		urn:cts:greekLit:tlg0019.tlg009.fu.sp:64.1.text.token.6
1	ἐνταῦθʼ		urn:cts:greekLit:tlg0019.tlg009.fu.sp:484.1.text.token.1
1	φέρουσʼ		urn:cts:greekLit:tlg0019.tlg009.fu.sp:1351.1.text.token.1
1	ἐγένετʼ		urn:cts:greekLit:tlg0019.tlg009.fu.sp:1187.1.text.token.3
1	προσέτʼ		urn:cts:greekLit:tlg0019.tlg009.fu.sp:490.1.text.token.5
1	τύχοιμʼ		urn:cts:greekLit:tlg0019.tlg009.fu.sp:945.1.text.token.6
